{
    "timestamp": [
        1655399957.567517,
        1655399959.850534,
        1655399962.106286,
        1655399964.330536,
        1655399966.753125,
        1655399968.938622,
        1655399971.29349,
        1655399973.962622,
        1655399976.349309,
        1655399978.571661,
        1655399980.801035,
        1655399983.143453,
        1655399985.343173,
        1655399987.59782,
        1655399989.952274,
        1655399992.381871,
        1655399994.559899,
        1655399996.812873,
        1655399999.043525,
        1655400001.492291,
        1655400003.974434,
        1655400006.213794,
        1655400008.483076,
        1655400010.72019,
        1655400012.96642,
        1655400015.31177,
        1655400017.642305,
        1655400020.029455,
        1655400022.192327,
        1655400024.591264,
        1655400026.961491,
        1655400029.132425,
        1655400031.297865,
        1655400033.709822,
        1655400035.883719,
        1655400038.301379,
        1655400040.734263,
        1655400043.005309,
        1655400045.206129,
        1655400047.369158,
        1655400049.528253,
        1655400051.868473,
        1655400054.225021,
        1655400056.391463,
        1655400058.652122,
        1655400060.90192,
        1655400063.135661,
        1655400065.292386,
        1655400067.547642,
        1655400069.992904
    ],
    "pi_area": [
        [
            3.423169835101355
        ],
        [
            3.4244906532241126
        ],
        [
            3.4446214587518185
        ],
        [
            3.430266648052492
        ],
        [
            3.4506707657909446
        ],
        [
            3.4413228894691037
        ],
        [
            3.458805319074087
        ],
        [
            3.4213530066815143
        ],
        [
            3.440578083345026
        ],
        [
            3.47095299130495
        ],
        [
            3.442642474342359
        ],
        [
            3.4493666456714958
        ],
        [
            3.4620182977543665
        ],
        [
            3.438337568310766
        ],
        [
            3.4502481518758894
        ],
        [
            3.437480248604235
        ],
        [
            3.423353624792474
        ],
        [
            3.447631569841874
        ],
        [
            3.422851666489192
        ],
        [
            3.436441571217764
        ],
        [
            3.4419313497973745
        ],
        [
            3.4313136544104954
        ],
        [
            3.417718009150146
        ],
        [
            3.4671586202095446
        ],
        [
            3.4462367448447377
        ],
        [
            3.451343965129553
        ],
        [
            3.4333195421321197
        ],
        [
            3.432681718061674
        ],
        [
            3.4733823885031265
        ],
        [
            3.445619857567586
        ],
        [
            3.424293310943185
        ],
        [
            3.4524320210336956
        ],
        [
            3.448491806700762
        ],
        [
            3.448022206800833
        ],
        [
            3.443709531434937
        ],
        [
            3.4468968380267073
        ],
        [
            3.3998486203812015
        ],
        [
            3.421038062283737
        ],
        [
            3.456324103840437
        ],
        [
            3.432041361601721
        ],
        [
            3.458488529954398
        ],
        [
            3.447853183211101
        ],
        [
            3.4497877374904307
        ],
        [
            3.4451914033926645
        ],
        [
            3.446282430785304
        ],
        [
            3.462196563956319
        ],
        [
            3.466851595006935
        ],
        [
            3.4669530275737843
        ],
        [
            3.4079988490864626
        ],
        [
            3.422424263455599
        ]
    ],
    "pi_pts": [
        [
            3.5297532656023223
        ],
        [
            3.508670520231214
        ],
        [
            3.5253256150506513
        ],
        [
            3.546628407460545
        ],
        [
            3.526315789473684
        ],
        [
            3.523672883787661
        ],
        [
            3.526627218934911
        ],
        [
            3.5188405797101447
        ],
        [
            3.5213675213675213
        ],
        [
            3.521865889212828
        ],
        [
            3.5320970042796005
        ],
        [
            3.545189504373178
        ],
        [
            3.5492957746478875
        ],
        [
            3.5389048991354466
        ],
        [
            3.559370529327611
        ],
        [
            3.499263622974963
        ],
        [
            3.5294117647058822
        ],
        [
            3.528735632183908
        ],
        [
            3.5146198830409356
        ],
        [
            3.5408895265423244
        ],
        [
            3.533052039381153
        ],
        [
            3.549215406562054
        ],
        [
            3.518881118881119
        ],
        [
            3.553672316384181
        ],
        [
            3.5223021582733813
        ],
        [
            3.510086455331412
        ],
        [
            3.539568345323741
        ],
        [
            3.5606276747503567
        ],
        [
            3.5600578871201156
        ],
        [
            3.5028571428571427
        ],
        [
            3.5028901734104045
        ],
        [
            3.5260930888575457
        ],
        [
            3.5314787701317716
        ],
        [
            3.542028985507246
        ],
        [
            3.5351506456241033
        ],
        [
            3.5162241887905603
        ],
        [
            3.5524475524475525
        ],
        [
            3.5324675324675323
        ],
        [
            3.5524079320113313
        ],
        [
            3.55036496350365
        ],
        [
            3.540500736377025
        ],
        [
            3.5284327323162277
        ],
        [
            3.54978354978355
        ],
        [
            3.510917030567686
        ],
        [
            3.5348837209302326
        ],
        [
            3.5179340028694406
        ],
        [
            3.5555555555555554
        ],
        [
            3.532763532763533
        ],
        [
            3.510703363914373
        ],
        [
            3.518413597733711
        ]
    ],