{
    "timestamp": [
        1655399063.458231,
        1655399065.659522,
        1655399067.905224,
        1655399070.249981,
        1655399072.409865,
        1655399074.871198,
        1655399077.066781,
        1655399079.305285,
        1655399081.547586,
        1655399083.777133,
        1655399086.031292,
        1655399088.172711,
        1655399090.511921,
        1655399092.895025,
        1655399095.233225,
        1655399097.587777,
        1655399099.771178,
        1655399102.018152,
        1655399104.337044,
        1655399106.709683,
        1655399108.87636,
        1655399111.129626,
        1655399113.491108,
        1655399115.719635,
        1655399117.880196,
        1655399120.216218,
        1655399122.381597,
        1655399124.871098,
        1655399127.130305,
        1655399129.660432,
        1655399132.210969,
        1655399134.354781,
        1655399136.517735,
        1655399138.801959,
        1655399141.091123,
        1655399143.331325,
        1655399145.556336,
        1655399147.778249,
        1655399149.94008,
        1655399152.268157,
        1655399154.468732,
        1655399156.696069,
        1655399159.175252,
        1655399161.589547,
        1655399164.046324,
        1655399166.237553,
        1655399168.461152,
        1655399170.618847,
        1655399175.135296,
        1655399177.476773
    ],
    "pi_area": [
        [
            3.4087307304422994
        ],
        [
            3.4201683607530824
        ],
        [
            3.411028103877624
        ],
        [
            3.4053409967056845
        ],
        [
            3.4091369848649027
        ],
        [
            3.3811791065677075
        ],
        [
            3.4042612741839555
        ],
        [
            3.384074282498593
        ],
        [
            3.3911049977074734
        ],
        [
            3.3769102528480133
        ],
        [
            3.390401894546214
        ],
        [
            3.3988463702870004
        ],
        [
            3.4031949326558313
        ],
        [
            3.3999860656308787
        ],
        [
            3.3952232315084347
        ],
        [
            3.3886101266711113
        ],
        [
            3.3973159536073445
        ],
        [
            3.405188213731848
        ],
        [
            3.408938077892967
        ],
        [
            3.3870213285858903
        ],
        [
            3.380348432055749
        ],
        [
            3.3776657211892007
        ],
        [
            3.397111157630312
        ],
        [
            3.402086396415319
        ],
        [
            3.3780220544752497
        ],
        [
            3.4007730612529166
        ],
        [
            3.3808096996724966
        ],
        [
            3.4040565971980206
        ],
        [
            3.3933523796251133
        ],
        [
            3.4031064829423934
        ],
        [
            3.3945204520801986
        ],
        [
            3.3966433566433567
        ],
        [
            3.3999640869096788
        ],
        [
            3.400708597888238
        ],
        [
            3.4105805732594994
        ],
        [
            3.390370966050138
        ],
        [
            3.39363992517559
        ],
        [
            3.379932829554996
        ],
        [
            3.4083788190260154
        ],
        [
            3.3792814788978025
        ],
        [
            3.3877580275229358
        ],
        [
            3.400392787002321
        ],
        [
            3.387897288561681
        ],
        [
            3.388089758342923
        ],
        [
            3.4017569863707022
        ],
        [
            3.4107174775676543
        ],
        [
            3.3819372010214725
        ],
        [
            3.4109529969814574
        ],
        [
            3.395881978348546
        ],
        [
            3.4079677613206547
        ]
    ],
    "pi_pts": [
        [
            3.5242290748898677
        ],
        [
            3.5511921458625526
        ],
        [
            3.5276967930029155
        ],
        [
            3.536656891495601
        ],
        [
            3.5304347826086957
        ],
        [
            3.5480225988700567
        ],
        [
            3.533812949640288
        ],
        [
            3.514074074074074
        ],
        [
            3.5190615835777126
        ],
        [
            3.525035765379113
        ],
        [
            3.521613832853026
        ],
        [
            3.5273264401772524
        ],
        [
            3.4978601997146934
        ],
        [
            3.5223021582733813
        ],
        [
            3.523947750362845
        ],
        [
            3.5146198830409356
        ],
        [
            3.540029112081514
        ],
        [
            3.5252225519287834
        ],
        [
            3.533923303834808
        ],
        [
            3.516546762589928
        ],
        [
            3.5297532656023223
        ],
        [
            3.526627218934911
        ],
        [
            3.562043795620438
        ],
        [
            3.5188405797101447
        ],
        [
            3.5085714285714285
        ],
        [
            3.5314285714285716
        ],
        [
            3.516546762589928
        ],
        [
            3.5314285714285716
        ],
        [
            3.528023598820059
        ],
        [
            3.5253256150506513
        ],
        [
            3.5352941176470587
        ],
        [
            3.536656891495601
        ],
        [
            3.530102790014684
        ],
        [
            3.5160349854227406
        ],
        [
            3.508670520231214
        ],
        [
            3.511627906976744
        ],
        [
            3.5211678832116786
        ],
        [
            3.4926253687315634
        ],
        [
            3.5346097201767304
        ],
        [
            3.5092724679029956
        ],
        [
            3.514978601997147
        ],
        [
            3.492711370262391
        ],
        [
            3.4926253687315634
        ],
        [
            3.4927953890489913
        ],
        [
            3.4918759231905465
        ],
        [
            3.523947750362845
        ],
        [
            3.515695067264574
        ],
        [
            3.5304606240713223
        ],
        [
            3.525035765379113
        ],
        [
            3.5249266862170088
        ]
    ],